Month,Year,Predicted Sales
1,2025,89160.37183913402
2,2025,94397.84601020068
3,2025,99635.32018126734
4,2025,104872.79435233399
5,2025,110110.26852339879
6,2025,115347.74269446544
